underlying,expiration,trade_date,implied_forward,bid_swap_rate,ask_swap_rate,mid_swap_rate
SPY,2016-12-23,2016-12-16,225.22000001072882,0.09459001382256142,0.09626435563776689,0.09543085685800694
SPY,2016-12-23,2016-12-19,225.48300000429154,0.09459001382256142,0.09626435563776689,0.09543085685800694
SPY,2016-12-23,2016-12-20,226.3349999934435,0.09459001382256142,0.09626435563776689,0.09543085685800694
SPY,2016-12-23,2016-12-21,225.72300000041724,0.09459001382256142,0.09626435563776689,0.09543085685800694
SPY,2016-12-23,2016-12-22,225.47900000177324,0.09459001382256142,0.09626435563776689,0.09543085685800694
SPY,2016-12-23,2016-12-23,225.6999969482422,0,0,0
SPY,2016-12-30,2016-12-23,225.87899999916553,0.08811839763981387,0.09047987887050277,0.08930694397142143
SPY,2016-12-30,2016-12-27,226.1179999947548,0.08811839763981387,0.09047987887050277,0.08930694397142143
SPY,2016-12-30,2016-12-28,224.53499998748302,0.08811839763981387,0.09047987887050277,0.08930694397142143
SPY,2016-12-30,2016-12-29,221.01599999237806,0.08811839763981387,0.09047987887050277,0.08930694397142143
SPY,2016-12-30,2016-12-30,223.52000427246094,0,0,0
SPY,2017-01-06,2016-12-30,223.42800001502036,0.12078077222817069,0.12371638068921255,0.12225738789715615
SPY,2017-01-06,2017-01-03,225.29000000357627,0.12078077222817069,0.12371638068921255,0.12225738789715615
SPY,2017-01-06,2017-01-04,226.46600000411271,0.12078077222817069,0.12371638068921255,0.12225738789715615
SPY,2017-01-06,2017-01-05,226.39499998502433,0.12078077222817069,0.12371638068921255,0.12225738789715615
SPY,2017-01-06,2017-01-06,227.25,0,0,0
SPY,2017-01-13,2017-01-06,227.3589999973774,0.08133040276017194,0.08317410446480782,0.08225741932085684
SPY,2017-01-13,2017-01-09,226.61700000464916,0.08133040276017194,0.08317410446480782,0.08225741932085684
SPY,2017-01-13,2017-01-10,226.49199999570845,0.08133040276017194,0.08317410446480782,0.08225741932085684
SPY,2017-01-13,2017-01-11,227.1770000115037,0.08133040276017194,0.08317410446480782,0.08225741932085684
SPY,2017-01-13,2017-01-12,226.5419999971986,0.08133040276017194,0.08317410446480782,0.08225741932085684
SPY,2017-01-13,2017-01-13,227.0399932861328,0,0,0
SPY,2017-01-20,2017-01-13,227.09799998700618,0.08167514747198612,0.08338628458388776,0.08253515060650159
SPY,2017-01-20,2017-01-17,226.3420000076294,0.08167514747198612,0.08338628458388776,0.08253515060650159
SPY,2017-01-20,2017-01-18,226.75499998778105,0.08167514747198612,0.08338628458388776,0.08253515060650159
SPY,2017-01-20,2017-01-19,226.07500001192093,0.08167514747198612,0.08338628458388776,0.08253515060650159
SPY,2017-01-20,2017-01-20,226.74000549316406,0,0,0
SPY,2017-01-27,2017-01-20,226.66200000047684,0.07917701295334112,0.08078929691563655,0.07998721734232422
SPY,2017-01-27,2017-01-23,226.2580000013113,0.07917701295334112,0.08078929691563655,0.07998721734232422
SPY,2017-01-27,2017-01-24,227.58499999046325,0.07917701295334112,0.08078929691563655,0.07998721734232422
SPY,2017-01-27,2017-01-25,229.43899999111892,0.07917701295334112,0.08078929691563655,0.07998721734232422
SPY,2017-01-27,2017-01-26,229.37399999946356,0.07917701295334112,0.08078929691563655,0.07998721734232422
SPY,2017-01-27,2017-01-27,228.99000549316406,0,0,0
SPY,2017-02-03,2017-01-27,229.06800000667573,0.07877451525897554,0.08041732899552424,0.07960016035492942
SPY,2017-02-03,2017-01-30,227.64799998402594,0.07877451525897554,0.08041732899552424,0.07960016035492942
SPY,2017-02-03,2017-01-31,227.66100000441074,0.07877451525897554,0.08041732899552424,0.07960016035492942
SPY,2017-02-03,2017-02-01,227.67900000214576,0.07877451525897554,0.08041732899552424,0.07960016035492942
SPY,2017-02-03,2017-02-02,227.76900001652538,0.07877451525897554,0.08041732899552424,0.07960016035492942
SPY,2017-02-03,2017-02-03,229.35000610351562,0,0,0
SPY,2017-02-10,2017-02-03,229.41400001645087,0.07248962175421902,0.07413258105187301,0.07331570375943433
SPY,2017-02-10,2017-02-06,228.9839999973774,0.07248962175421902,0.07413258105187301,0.07331570375943433
SPY,2017-02-10,2017-02-07,229.02299999147652,0.07248962175421902,0.07413258105187301,0.07331570375943433
SPY,2017-02-10,2017-02-08,229.28899999633433,0.07248962175421902,0.07413258105187301,0.07331570375943433
SPY,2017-02-10,2017-02-09,230.5260000117123,0.07248962175421902,0.07413258105187301,0.07331570375943433
SPY,2017-02-10,2017-02-10,231.49000549316406,0,0,0
SPY,2017-02-17,2017-02-10,231.50299999713897,0.07803888042523731,0.07947894578415414,0.0787622043907641
SPY,2017-02-17,2017-02-13,232.8250000089407,0.07803888042523731,0.07947894578415414,0.0787622043907641
SPY,2017-02-17,2017-02-14,233.76699999421834,0.07803888042523731,0.07947894578415414,0.0787622043907641
SPY,2017-02-17,2017-02-15,235.06299999654294,0.07803888042523731,0.07947894578415414,0.0787622043907641
SPY,2017-02-17,2017-02-16,234.80600001104176,0.07803888042523731,0.07947894578415414,0.0787622043907641
SPY,2017-02-17,2017-02-17,235.0399932861328,0,0,0
SPY,2017-02-24,2017-02-17,235.03199999034405,0.07792145387427371,0.07973962312553472,0.07883578017018311
SPY,2017-02-24,2017-02-21,236.46600001454354,0.07792145387427371,0.07973962312553472,0.07883578017018311
SPY,2017-02-24,2017-02-22,236.24700001180173,0.07792145387427371,0.07973962312553472,0.07883578017018311
SPY,2017-02-24,2017-02-23,236.45599999763073,0.07792145387427371,0.07973962312553472,0.07883578017018311
SPY,2017-02-24,2017-02-24,236.77000427246094,0,0,0
SPY,2017-03-03,2017-02-24,236.73600001335143,0.08074213539022335,0.08207315815023648,0.0814103670183561
SPY,2017-03-03,2017-02-27,237.1320000052452,0.08074213539022335,0.08207315815023648,0.0814103670183561
SPY,2017-03-03,2017-02-28,236.52899999022483,0.08074213539022335,0.08207315815023648,0.0814103670183561
SPY,2017-03-03,2017-03-01,239.72000000476837,0.08074213539022335,0.08207315815023648,0.0814103670183561
SPY,2017-03-03,2017-03-02,238.3699999935925,0.08074213539022335,0.08207315815023648,0.0814103670183561
SPY,2017-03-03,2017-03-03,238.42999267578125,0,0,0
SPY,2017-03-10,2017-03-03,238.44500001072885,0.0692495838829395,0.07058108074300258,0.06991850193908092
SPY,2017-03-10,2017-03-06,237.74200000166894,0.0692495838829395,0.07058108074300258,0.06991850193908092
SPY,2017-03-10,2017-03-07,237.06999999284744,0.0692495838829395,0.07058108074300258,0.06991850193908092
SPY,2017-03-10,2017-03-08,236.625,0.0692495838829395,0.07058108074300258,0.06991850193908092
SPY,2017-03-10,2017-03-09,236.78399999961258,0.0692495838829395,0.07058108074300258,0.06991850193908092
SPY,2017-03-10,2017-03-10,237.66000366210938,0,0,0
SPY,2017-03-17,2017-03-10,236.92699999809264,0.10569910015417529,0.10727023954812137,0.10648756750464751
SPY,2017-03-17,2017-03-13,237.21800000071525,0.10569910015417529,0.10727023954812137,0.10648756750464751
SPY,2017-03-17,2017-03-14,236.52400000095366,0.10569910015417529,0.10727023954812137,0.10648756750464751
SPY,2017-03-17,2017-03-15,238.20100000202655,0.10569910015417529,0.10727023954812137,0.10648756750464751
SPY,2017-03-17,2017-03-16,237.93700000084937,0.10569910015417529,0.10727023954812137,0.10648756750464751
SPY,2017-03-17,2017-03-17,237.10079956054688,0,0,0
SPY,2017-03-24,2017-03-17,237.38199999928474,0.0769488235713235,0.07858083277348175,0.07776910931849669
SPY,2017-03-24,2017-03-20,236.79100001454353,0.0769488235713235,0.07858083277348175,0.07776910931849669
SPY,2017-03-24,2017-03-21,233.916999989748,0.0769488235713235,0.07858083277348175,0.07776910931849669
SPY,2017-03-24,2017-03-22,234.14100000858306,0.0769488235713235,0.07858083277348175,0.07776910931849669
SPY,2017-03-24,2017-03-23,233.83300001621245,0.0769488235713235,0.07858083277348175,0.07776910931849669
SPY,2017-03-24,2017-03-24,233.8800048828125,0,0,0
SPY,2017-03-31,2017-03-24,234.2460000038147,0.11580314561159097,0.11949656731824593,0.11766434917676513
SPY,2017-03-31,2017-03-27,233.68800000846386,0.11580314561159097,0.11949656731824593,0.11766434917676513
SPY,2017-03-31,2017-03-28,235.19000001549722,0.11580314561159097,0.11949656731824593,0.11766434917676513
SPY,2017-03-31,2017-03-29,235.60199999772013,0.11580314561159097,0.11949656731824593,0.11766434917676513
SPY,2017-03-31,2017-03-30,236.22699999976902,0.11580314561159097,0.11949656731824593,0.11766434917676513
SPY,2017-03-31,2017-03-31,235.67999267578125,0,0,0
SPY,2017-04-07,2017-03-31,235.91700001060963,0.08029749786303816,0.08204600230035647,0.08117645796822721
SPY,2017-04-07,2017-04-03,235.5339999884367,0.08029749786303816,0.08204600230035647,0.08117645796822721
SPY,2017-04-07,2017-04-04,235.6829999834299,0.08029749786303816,0.08204600230035647,0.08117645796822721
SPY,2017-04-07,2017-04-05,234.7160000026226,0.08029749786303816,0.08204600230035647,0.08117645796822721
SPY,2017-04-07,2017-04-06,235.26400000229478,0.08029749786303816,0.08204600230035647,0.08117645796822721
SPY,2017-04-07,2017-04-07,235.1699981689453,0,0,0
SPY,2017-04-13,2017-04-07,235.24700000286103,0.0896209886456825,0.09155347036262085,0.09059238251991401
SPY,2017-04-13,2017-04-10,235.26100001037122,0.0896209886456825,0.09155347036262085,0.09059238251991401
SPY,2017-04-13,2017-04-11,235.01099999696015,0.0896209886456825,0.09155347036262085,0.09059238251991401
SPY,2017-04-13,2017-04-12,234.30100000873207,0.0896209886456825,0.09155347036262085,0.09059238251991401
SPY,2017-04-13,2017-04-13,232.55999755859375,0,0,0
SPY,2017-04-21,2017-04-13,232.64099999666215,0.1216493753768203,0.12351206300760291,0.12258425722327602
SPY,2017-04-21,2017-04-17,234.4829999923706,0.1216493753768203,0.12351206300760291,0.12258425722327602
SPY,2017-04-21,2017-04-18,233.84399997889994,0.1216493753768203,0.12351206300760291,0.12258425722327602
SPY,2017-04-21,2017-04-19,233.46399999260902,0.1216493753768203,0.12351206300760291,0.12258425722327602
SPY,2017-04-21,2017-04-20,235.308000010252,0.1216493753768203,0.12351206300760291,0.12258425722327602
SPY,2017-04-21,2017-04-21,234.58999633789062,0,0,0
SPY,2017-04-28,2017-04-21,234.63100003004075,0.15691413102874796,0.1593202117382512,0.15812174800581397
SPY,2017-04-28,2017-04-24,237.06699999570847,0.15691413102874796,0.1593202117382512,0.15812174800581397
SPY,2017-04-28,2017-04-25,238.50000001192092,0.15691413102874796,0.1593202117382512,0.15812174800581397
SPY,2017-04-28,2017-04-26,238.36400000303985,0.15691413102874796,0.1593202117382512,0.15812174800581397
SPY,2017-04-28,2017-04-27,238.6799999959767,0.15691413102874796,0.1593202117382512,0.15812174800581397
SPY,2017-04-28,2017-04-28,238.1199951171875,0,0,0
SPY,2017-05-05,2017-04-28,238.31599999070167,0.06926309612303096,0.07074097817876948,0.07000593717049064
SPY,2017-05-05,2017-05-01,238.6870000064373,0.06926309612303096,0.07074097817876948,0.07000593717049064
SPY,2017-05-05,2017-05-02,238.82900000959634,0.06926309612303096,0.07074097817876948,0.07000593717049064
SPY,2017-05-05,2017-05-03,238.58299999684095,0.06926309612303096,0.07074097817876948,0.07000593717049064
SPY,2017-05-05,2017-05-04,238.62100000083447,0.06926309612303096,0.07074097817876948,0.07000593717049064
SPY,2017-05-05,2017-05-05,239.67999267578125,0,0,0
SPY,2017-05-12,2017-05-05,239.7620000243187,0.10201285680554906,0.10363709241835321,0.10282818163947018
SPY,2017-05-12,2017-05-08,239.63099999129773,0.10201285680554906,0.10363709241835321,0.10282818163947018
SPY,2017-05-12,2017-05-09,239.4679999947548,0.10201285680554906,0.10363709241835321,0.10282818163947018
SPY,2017-05-12,2017-05-10,239.8419999912381,0.10201285680554906,0.10363709241835321,0.10282818163947018
SPY,2017-05-12,2017-05-11,239.41199999731035,0.10201285680554906,0.10363709241835321,0.10282818163947018
SPY,2017-05-12,2017-05-12,239.0500030517578,0,0,0
SPY,2017-05-19,2017-05-12,239.18900000452996,0.07360058575730527,0.07509793394372616,0.07435302921345809
SPY,2017-05-19,2017-05-15,240.15799999833106,0.07360058575730527,0.07509793394372616,0.07435302921345809
SPY,2017-05-19,2017-05-16,240.0670000091195,0.07360058575730527,0.07509793394372616,0.07435302921345809
SPY,2017-05-19,2017-05-17,236.23000000715257,0.07360058575730527,0.07509793394372616,0.07435302921345809
SPY,2017-05-19,2017-05-18,236.68100000917912,0.07360058575730527,0.07509793394372616,0.07435302921345809
SPY,2017-05-19,2017-05-19,238.27000427246094,0,0,0
SPY,2017-05-26,2017-05-19,238.47399998903273,0.09279109036615407,0.0943851236793604,0.09359150074474692
SPY,2017-05-26,2017-05-22,239.6189999938011,0.09279109036615407,0.0943851236793604,0.09359150074474692
SPY,2017-05-26,2017-05-23,240.08499999195337,0.09279109036615407,0.0943851236793604,0.09359150074474692
SPY,2017-05-26,2017-05-24,240.51699999645354,0.09279109036615407,0.0943851236793604,0.09359150074474692
SPY,2017-05-26,2017-05-25,241.67099999301135,0.09279109036615407,0.0943851236793604,0.09359150074474692
SPY,2017-05-26,2017-05-26,241.72999572753906,0,0,0
SPY,2017-06-02,2017-05-26,241.72100001573563,0.06849659111216887,0.06999079429253859,0.06924772299392992
SPY,2017-06-02,2017-05-30,241.4420000001788,0.06849659111216887,0.06999079429253859,0.06924772299392992
SPY,2017-06-02,2017-05-31,241.6140000164509,0.06849659111216887,0.06999079429253859,0.06924772299392992
SPY,2017-06-02,2017-06-01,243.2870000058785,0.06849659111216887,0.06999079429253859,0.06924772299392992
SPY,2017-06-02,2017-06-02,244.13999938964844,0,0,0
SPY,2017-06-09,2017-06-02,244.21100000739096,0.06773313775867804,0.06947187700653118,0.06860801573229856
SPY,2017-06-09,2017-06-05,243.93499999642373,0.06773313775867804,0.06947187700653118,0.06860801573229856
SPY,2017-06-09,2017-06-06,243.47700000703335,0.06773313775867804,0.06947187700653118,0.06860801573229856
SPY,2017-06-09,2017-06-07,243.6230000078678,0.06773313775867804,0.06947187700653118,0.06860801573229856
SPY,2017-06-09,2017-06-08,243.70000000298023,0.06773313775867804,0.06947187700653118,0.06860801573229856
SPY,2017-06-09,2017-06-09,243.5207977294922,0,0,0
SPY,2017-06-16,2017-06-09,242.90899999141692,0.10080479222113699,0.10247979723331826,0.10164574505538496
SPY,2017-06-16,2017-06-12,242.7820000052452,0.10080479222113699,0.10247979723331826,0.10164574505538496
SPY,2017-06-16,2017-06-13,243.83700001835822,0.10080479222113699,0.10247979723331826,0.10164574505538496
SPY,2017-06-16,2017-06-14,243.63999999165534,0.10080479222113699,0.10247979723331826,0.10164574505538496
SPY,2017-06-16,2017-06-15,243.15199999585747,0.10080479222113699,0.10247979723331826,0.10164574505538496
SPY,2017-06-16,2017-06-16,242.63999938964844,0,0,0
SPY,2017-06-23,2017-06-16,242.7089999884367,0.06674589147452722,0.06821876340413503,0.06748634568977165
SPY,2017-06-23,2017-06-19,244.65700001120567,0.06674589147452722,0.06821876340413503,0.06748634568977165
SPY,2017-06-23,2017-06-20,243.2559999987483,0.06674589147452722,0.06821876340413503,0.06748634568977165
SPY,2017-06-23,2017-06-21,242.92700000554322,0.06674589147452722,0.06821876340413503,0.06748634568977165
SPY,2017-06-23,2017-06-22,242.74900000989436,0.06674589147452722,0.06821876340413503,0.06748634568977165
SPY,2017-06-23,2017-06-23,243.16000366210938,0,0,0
SPY,2017-06-30,2017-06-23,243.28799998909236,0.07168324035865252,0.07360693036742733,0.07265145265729944
SPY,2017-06-30,2017-06-26,243.3189999781549,0.07168324035865252,0.07360693036742733,0.07265145265729944
SPY,2017-06-30,2017-06-27,241.53499999269843,0.07168324035865252,0.07360693036742733,0.07265145265729944
SPY,2017-06-30,2017-06-28,243.60799999181182,0.07168324035865252,0.07360693036742733,0.07265145265729944
SPY,2017-06-30,2017-06-29,241.5889999879524,0.07168324035865252,0.07360693036742733,0.07265145265729944
SPY,2017-06-30,2017-06-30,241.7899932861328,0,0,0
SPY,2017-07-07,2017-06-30,241.93699999451638,0.09156649675547339,0.09333221078388677,0.09245356915197485
SPY,2017-07-07,2017-07-03,242.1840000271797,0.09156649675547339,0.09333221078388677,0.09245356915197485
SPY,2017-07-07,2017-07-05,242.73600000441076,0.09156649675547339,0.09333221078388677,0.09245356915197485
SPY,2017-07-07,2017-07-06,240.77199999839067,0.09156649675547339,0.09333221078388677,0.09245356915197485
SPY,2017-07-07,2017-07-07,242.10000610351562,0,0,0
SPY,2017-07-14,2017-07-07,242.1490000128746,0.07768314698899288,0.07912189278113756,0.07840582007537228
SPY,2017-07-14,2017-07-10,242.3529999911785,0.07768314698899288,0.07912189278113756,0.07840582007537228
SPY,2017-07-14,2017-07-11,242.27699999660254,0.07768314698899288,0.07912189278113756,0.07840582007537228
SPY,2017-07-14,2017-07-12,243.97100000604988,0.07768314698899288,0.07912189278113756,0.07840582007537228
SPY,2017-07-14,2017-07-13,244.38900000657887,0.07768314698899288,0.07912189278113756,0.07840582007537228
SPY,2017-07-14,2017-07-14,245.50999450683594,0,0,0
SPY,2017-07-21,2017-07-14,245.48700000941753,0.06596355282467474,0.06747464549871546,0.06672337703695376
SPY,2017-07-21,2017-07-17,245.69999999701977,0.06596355282467474,0.06747464549871546,0.06672337703695376
SPY,2017-07-21,2017-07-18,245.63800001442434,0.06596355282467474,0.06747464549871546,0.06672337703695376
SPY,2017-07-21,2017-07-19,246.99000000357628,0.06596355282467474,0.06747464549871546,0.06672337703695376
SPY,2017-07-21,2017-07-20,247.09900000467897,0.06596355282467474,0.06747464549871546,0.06672337703695376
SPY,2017-07-21,2017-07-21,246.8300018310547,0,0,0
SPY,2017-07-28,2017-07-21,246.91700001060963,0.06044990265538642,0.06188314256347831,0.061170720383928276
SPY,2017-07-28,2017-07-24,246.72199999392032,0.06044990265538642,0.06188314256347831,0.061170720383928276
SPY,2017-07-28,2017-07-25,247.32299999296666,0.06044990265538642,0.06188314256347831,0.061170720383928276
SPY,2017-07-28,2017-07-26,247.44199999421835,0.06044990265538642,0.06188314256347831,0.061170720383928276
SPY,2017-07-28,2017-07-27,246.88400001823902,0.06044990265538642,0.06188314256347831,0.061170720383928276
SPY,2017-07-28,2017-07-28,246.88999938964844,0,0,0
SPY,2017-08-04,2017-07-28,247.0079999834299,0.06838966131740745,0.06984148424079667,0.06911938474866203
SPY,2017-08-04,2017-07-31,246.84099999070168,0.06838966131740745,0.06984148424079667,0.06911938474866203
SPY,2017-08-04,2017-08-01,247.3019999936223,0.06838966131740745,0.06984148424079667,0.06911938474866203
SPY,2017-08-04,2017-08-02,247.43499998673798,0.06838966131740745,0.06984148424079667,0.06911938474866203
SPY,2017-08-04,2017-08-03,247.27000000905247,0.06838966131740745,0.06984148424079667,0.06911938474866203
SPY,2017-08-04,2017-08-04,247.38999938964844,0,0,0
SPY,2017-08-11,2017-08-04,247.42200001478196,0.06932986720604946,0.0708942133734126,0.07011640313308792
SPY,2017-08-11,2017-08-07,247.9039999946952,0.06932986720604946,0.0708942133734126,0.07011640313308792
SPY,2017-08-11,2017-08-08,247.38200000375508,0.06932986720604946,0.0708942133734126,0.07011640313308792
SPY,2017-08-11,2017-08-09,247.3699999935925,0.06932986720604946,0.0708942133734126,0.07011640313308792
SPY,2017-08-11,2017-08-10,244.07499997913837,0.06932986720604946,0.0708942133734126,0.07011640313308792
SPY,2017-08-11,2017-08-11,244.11000061035156,0,0,0
SPY,2017-08-18,2017-08-11,244.23200001716614,0.13920356192397051,0.14075237412564665,0.1399801101484184
SPY,2017-08-18,2017-08-14,246.55299998521804,0.13920356192397051,0.14075237412564665,0.1399801101484184
SPY,2017-08-18,2017-08-15,246.59000001251698,0.13920356192397051,0.14075237412564665,0.1399801101484184
SPY,2017-08-18,2017-08-16,246.90299999266864,0.13920356192397051,0.14075237412564665,0.1399801101484184
SPY,2017-08-18,2017-08-17,243.2020000129938,0.13920356192397051,0.14075237412564665,0.1399801101484184
SPY,2017-08-18,2017-08-18,242.7100067138672,0,0,0
SPY,2017-08-25,2017-08-18,242.9520000219345,0.11821833136897127,0.12003646001107274,0.11913086418651919
SPY,2017-08-25,2017-08-21,243.08999999761582,0.11821833136897127,0.12003646001107274,0.11913086418651919
SPY,2017-08-25,2017-08-22,245.3600000023842,0.11821833136897127,0.12003646001107274,0.11913086418651919
SPY,2017-08-25,2017-08-23,244.50600000023843,0.11821833136897127,0.12003646001107274,0.11913086418651919
SPY,2017-08-25,2017-08-24,244.31299999393522,0.11821833136897127,0.12003646001107274,0.11913086418651919
SPY,2017-08-25,2017-08-25,244.52000427246094,0,0,0
SPY,2017-09-01,2017-08-25,244.71299999952316,0.07948760488435809,0.08076664924869532,0.08012967914921913
SPY,2017-09-01,2017-08-28,244.7170000195503,0.07948760488435809,0.08076664924869532,0.08012967914921913
SPY,2017-09-01,2017-08-29,244.99900001585485,0.07948760488435809,0.08076664924869532,0.08012967914921913
SPY,2017-09-01,2017-08-30,246.0650000050664,0.07948760488435809,0.08076664924869532,0.08012967914921913
SPY,2017-09-01,2017-08-31,247.38299999013543,0.07948760488435809,0.08076664924869532,0.08012967914921913
SPY,2017-09-01,2017-09-01,247.89999389648438,0,0,0
SPY,2017-09-08,2017-09-01,247.89900000989437,0.07120000748929152,0.07329431579407292,0.07225474999678726
SPY,2017-09-08,2017-09-05,246.33799998760225,0.07120000748929152,0.07329431579407292,0.07225474999678726
SPY,2017-09-08,2017-09-06,246.89900000542403,0.07120000748929152,0.07329431579407292,0.07225474999678726
SPY,2017-09-08,2017-09-07,246.98300000429154,0.07120000748929152,0.07329431579407292,0.07225474999678726
SPY,2017-09-08,2017-09-08,246.5399932861328,0,0,0
SPY,2017-09-15,2017-09-08,246.00099999904631,0.11401440358464014,0.11569928996134132,0.11485993627527341
SPY,2017-09-15,2017-09-11,248.59999999701978,0.11401440358464014,0.11569928996134132,0.11485993627527341
SPY,2017-09-15,2017-09-12,249.29400001466274,0.11401440358464014,0.11569928996134132,0.11485993627527341
SPY,2017-09-15,2017-09-13,249.3800000101328,0.11401440358464014,0.11569928996134132,0.11485993627527341
SPY,2017-09-15,2017-09-14,249.2859999962151,0.11401440358464014,0.11569928996134132,0.11485993627527341
SPY,2017-09-15,2017-09-15,249.22999572753906,0,0,0
SPY,2017-09-22,2017-09-15,249.29000001251697,0.06309719079019806,0.06450972660105242,0.06380736756737887
SPY,2017-09-22,2017-09-18,249.7330000013113,0.06309719079019806,0.06450972660105242,0.06380736756737887
SPY,2017-09-22,2017-09-19,249.93999999910594,0.06309719079019806,0.06450972660105242,0.06380736756737887
SPY,2017-09-22,2017-09-20,250.0399999946356,0.06309719079019806,0.06450972660105242,0.06380736756737887
SPY,2017-09-22,2017-09-21,249.51100000422448,0.06309719079019806,0.06450972660105242,0.06380736756737887
SPY,2017-09-22,2017-09-22,249.4499969482422,0,0,0
SPY,2017-09-29,2017-09-22,249.6040000155568,0.06617430681989463,0.06800009671622363,0.06709341262936817
SPY,2017-09-29,2017-09-25,249.1940000027418,0.06617430681989463,0.06800009671622363,0.06709341262936817
SPY,2017-09-29,2017-09-26,249.08399998545647,0.06617430681989463,0.06800009671622363,0.06709341262936817
SPY,2017-09-29,2017-09-27,249.98499999195337,0.06617430681989463,0.06800009671622363,0.06709341262936817
SPY,2017-09-29,2017-09-28,250.32999999579042,0.06617430681989463,0.06800009671622363,0.06709341262936817
SPY,2017-09-29,2017-09-29,251.16000366210938,0,0,0
SPY,2017-10-06,2017-09-29,251.35900001227856,0.06324469692459385,0.06481059033756996,0.06403243049029159
SPY,2017-10-06,2017-10-02,252.3520000040531,0.06324469692459385,0.06481059033756996,0.06403243049029159
SPY,2017-10-06,2017-10-03,252.87800000905992,0.06324469692459385,0.06481059033756996,0.06403243049029159
SPY,2017-10-06,2017-10-04,253.17800000756978,0.06324469692459385,0.06481059033756996,0.06403243049029159
SPY,2017-10-06,2017-10-05,254.71900000013412,0.06324469692459385,0.06481059033756996,0.06403243049029159
SPY,2017-10-06,2017-10-06,254.42999267578125,0,0,0
SPY,2017-10-13,2017-10-06,254.37100000977517,0.05980568881271709,0.061427748850946116,0.06062214423483578
SPY,2017-10-13,2017-10-09,254.14299999177456,0.05980568881271709,0.061427748850946116,0.06062214423483578
SPY,2017-10-13,2017-10-10,254.6080000065267,0.05980568881271709,0.061427748850946116,0.06062214423483578
SPY,2017-10-13,2017-10-11,255.02199999764562,0.05980568881271709,0.061427748850946116,0.06062214423483578
SPY,2017-10-13,2017-10-12,254.62500001247972,0.05980568881271709,0.061427748850946116,0.06062214423483578
SPY,2017-10-13,2017-10-13,254.8800048828125,0,0,0
SPY,2017-10-20,2017-10-13,254.96100001186133,0.06333805474229454,0.06480203014512555,0.0640742237154211
SPY,2017-10-20,2017-10-16,255.35799999646844,0.06333805474229454,0.06480203014512555,0.0640742237154211
SPY,2017-10-20,2017-10-17,255.47800000198185,0.06333805474229454,0.06480203014512555,0.0640742237154211
SPY,2017-10-20,2017-10-18,255.76700000055135,0.06333805474229454,0.06480203014512555,0.0640742237154211
SPY,2017-10-20,2017-10-19,255.86500001307576,0.06333805474229454,0.06480203014512555,0.0640742237154211
SPY,2017-10-20,2017-10-20,257.07000732421875,0,0,0
SPY,2017-10-27,2017-10-20,257.1810000061989,0.0628447267534903,0.06417946403853517,0.06351560156762466
SPY,2017-10-27,2017-10-23,256.2789999961853,0.0628447267534903,0.06417946403853517,0.06351560156762466
SPY,2017-10-27,2017-10-24,256.52899998575447,0.0628447267534903,0.06417946403853517,0.06351560156762466
SPY,2017-10-27,2017-10-25,255.52599998861552,0.0628447267534903,0.06417946403853517,0.06351560156762466
SPY,2017-10-27,2017-10-26,255.68300000056624,0.0628447267534903,0.06417946403853517,0.06351560156762466
SPY,2017-10-27,2017-10-27,257.68951416015625,0,0,0
SPY,2017-11-03,2017-10-27,257.6840000152588,0.07336530056796767,0.07466739308032559,0.07401921006346963
SPY,2017-11-03,2017-10-30,256.7010000169277,0.07336530056796767,0.07466739308032559,0.07401921006346963
SPY,2017-11-03,2017-10-31,257.2100000113249,0.07336530056796767,0.07466739308032559,0.07401921006346963
SPY,2017-11-03,2017-11-01,257.50499998778105,0.07336530056796767,0.07466739308032559,0.07401921006346963
SPY,2017-11-03,2017-11-02,257.71600000187755,0.07336530056796767,0.07466739308032559,0.07401921006346963
SPY,2017-11-03,2017-11-03,258.45001220703125,0,0,0
SPY,2017-11-10,2017-11-03,258.4019999831915,0.06312315490982257,0.06462610868297346,0.0638790521582504
SPY,2017-11-10,2017-11-06,258.7339999899268,0.06312315490982257,0.06462610868297346,0.0638790521582504
SPY,2017-11-10,2017-11-07,258.6220000073314,0.06312315490982257,0.06462610868297346,0.0638790521582504
SPY,2017-11-10,2017-11-08,259.0080000072718,0.06312315490982257,0.06462610868297346,0.0638790521582504
SPY,2017-11-10,2017-11-09,258.3290000135079,0.06312315490982257,0.06462610868297346,0.0638790521582504
SPY,2017-11-10,2017-11-10,258.1000061035156,0,0,0
SPY,2017-11-17,2017-11-10,258.07299998998644,0.09533894187158665,0.096799565097216,0.09607202933269375
SPY,2017-11-17,2017-11-13,258.27200002074244,0.09533894187158665,0.096799565097216,0.09607202933269375
SPY,2017-11-17,2017-11-14,257.84599998891355,0.09533894187158665,0.096799565097216,0.09607202933269375
SPY,2017-11-17,2017-11-15,256.54099999070166,0.09533894187158665,0.096799565097216,0.09607202933269375
SPY,2017-11-17,2017-11-16,258.52499998807906,0.09533894187158665,0.096799565097216,0.09607202933269375
SPY,2017-11-17,2017-11-17,257.8699951171875,0,0,0
SPY,2017-11-24,2017-11-17,257.9979999989271,0.06771276102756302,0.06933010413888872,0.06852620427940327
SPY,2017-11-24,2017-11-20,258.24700000584124,0.06771276102756302,0.06933010413888872,0.06852620427940327
SPY,2017-11-24,2017-11-21,259.87600000724194,0.06771276102756302,0.06933010413888872,0.06852620427940327
SPY,2017-11-24,2017-11-22,259.67500000186266,0.06771276102756302,0.06933010413888872,0.06852620427940327
SPY,2017-11-24,2017-11-24,260.3599853515625,0,0,0
SPY,2017-12-01,2017-11-24,260.3810000032187,0.0636281443256837,0.06656559016022175,0.06511343388160636
SPY,2017-12-01,2017-11-27,260.4049999892712,0.0636281443256837,0.06656559016022175,0.06511343388160636
SPY,2017-12-01,2017-11-28,262.8349999934435,0.0636281443256837,0.06656559016022175,0.06511343388160636
SPY,2017-12-01,2017-11-29,262.77000000327826,0.0636281443256837,0.06656559016022175,0.06511343388160636
SPY,2017-12-01,2017-11-30,264.39500000476835,0.0636281443256837,0.06656559016022175,0.06511343388160636
SPY,2017-12-01,2017-12-01,264.4599914550781,0,0,0
SPY,2017-12-08,2017-12-01,264.66700001358987,0.10380706551219303,0.10541604311249358,0.10461464762581729
SPY,2017-12-08,2017-12-04,264.15000001192095,0.10380706551219303,0.10541604311249358,0.10461464762581729
SPY,2017-12-08,2017-12-05,263.2669999986887,0.10380706551219303,0.10541604311249358,0.10461464762581729
SPY,2017-12-08,2017-12-06,263.1970000088215,0.10380706551219303,0.10541604311249358,0.10461464762581729
SPY,2017-12-08,2017-12-07,264.08200000971556,0.10380706551219303,0.10541604311249358,0.10461464762581729
SPY,2017-12-08,2017-12-08,265.4800109863281,0,0,0
SPY,2017-12-15,2017-12-08,264.75600000619886,0.08494459826367341,0.08678905308802881,0.08587177798931832
SPY,2017-12-15,2017-12-11,265.763999992609,0.08494459826367341,0.08678905308802881,0.08587177798931832
SPY,2017-12-15,2017-12-12,266.3020000040531,0.08494459826367341,0.08678905308802881,0.08587177798931832
SPY,2017-12-15,2017-12-13,266.1069999873638,0.08494459826367341,0.08678905308802881,0.08587177798931832
SPY,2017-12-15,2017-12-14,264.8499999932945,0.08494459826367341,0.08678905308802881,0.08587177798931832
SPY,2017-12-15,2017-12-15,266.5299987792969,0,0,0
SPY,2017-12-22,2017-12-15,267.0129999995232,0.0734051778621184,0.07509262600554187,0.07425369558943655
SPY,2017-12-22,2017-12-18,268.31899999380113,0.0734051778621184,0.07509262600554187,0.07425369558943655
SPY,2017-12-22,2017-12-19,267.43599998652934,0.0734051778621184,0.07509262600554187,0.07425369558943655
SPY,2017-12-22,2017-12-20,267.05000001192093,0.0734051778621184,0.07509262600554187,0.07425369558943655
SPY,2017-12-22,2017-12-21,267.61499999016524,0.0734051778621184,0.07509262600554187,0.07425369558943655
SPY,2017-12-22,2017-12-22,267.489990234375,0,0,0
SPY,2017-12-29,2017-12-22,267.5119999974966,0.06676208422551479,0.06900412570713738,0.06789236059653968
SPY,2017-12-29,2017-12-26,267.3759999856353,0.06676208422551479,0.06900412570713738,0.06789236059653968
SPY,2017-12-29,2017-12-27,267.5849999791011,0.06676208422551479,0.06900412570713738,0.06789236059653968
SPY,2017-12-29,2017-12-28,267.7650000076741,0.06676208422551479,0.06900412570713738,0.06789236059653968
SPY,2017-12-29,2017-12-29,266.94000244140625,0,0,0
SPY,2018-01-05,2017-12-29,266.35100001096725,0.08203156119369093,0.08468543267270763,0.08336905762583009
SPY,2018-01-05,2018-01-02,268.6540000140667,0.08203156119369093,0.08468543267270763,0.08336905762583009
SPY,2018-01-05,2018-01-03,270.4809999987483,0.08203156119369093,0.08468543267270763,0.08336905762583009
SPY,2018-01-05,2018-01-04,271.56399999409916,0.08203156119369093,0.08468543267270763,0.08336905762583009
SPY,2018-01-05,2018-01-05,273.3999938964844,0,0,0
SPY,2018-01-12,2018-01-05,273.3509999960661,0.0628922387005875,0.06443024902009485,0.06366588834518493
SPY,2018-01-12,2018-01-08,273.9939999967813,0.0628922387005875,0.06443024902009485,0.06366588834518493
SPY,2018-01-12,2018-01-09,274.44800001084803,0.0628922387005875,0.06443024902009485,0.06366588834518493
SPY,2018-01-12,2018-01-10,274.2310000061989,0.0628922387005875,0.06443024902009485,0.06366588834518493
SPY,2018-01-12,2018-01-11,276.0930000126362,0.0628922387005875,0.06443024902009485,0.06366588834518493
SPY,2018-01-12,2018-01-12,277.94000244140625,0,0,0
SPY,2018-01-19,2018-01-12,278.099000030756,0.08733256151087275,0.08920998037301267,0.08827626209294229
SPY,2018-01-19,2018-01-16,277.42400001883505,0.08733256151087275,0.08920998037301267,0.08827626209294229
SPY,2018-01-19,2018-01-17,279.5049999833107,0.08733256151087275,0.08920998037301267,0.08827626209294229
SPY,2018-01-19,2018-01-18,279.2129999831319,0.08733256151087275,0.08920998037301267,0.08827626209294229
SPY,2018-01-19,2018-01-19,280.3900146484375,0,0,0
SPY,2018-01-26,2018-01-19,280.52599999904635,0.09090799381135142,0.0925070856377354,0.09171102505149535
SPY,2018-01-26,2018-01-22,282.8479999780655,0.09090799381135142,0.0925070856377354,0.09171102505149535
SPY,2018-01-26,2018-01-23,283.19699999690056,0.09090799381135142,0.0925070856377354,0.09171102505149535
SPY,2018-01-26,2018-01-24,283.18000000715256,0.09090799381135142,0.0925070856377354,0.09171102505149535
SPY,2018-01-26,2018-01-25,283.3319999963045,0.09090799381135142,0.0925070856377354,0.09171102505149535
SPY,2018-01-26,2018-01-26,286.55999755859375,0,0,0
SPY,2018-02-02,2018-01-26,286.6259999990463,0.09235569495815871,0.09484494706831702,0.09360859569397545
SPY,2018-02-02,2018-01-29,284.91499998569486,0.09235569495815871,0.09484494706831702,0.09360859569397545
SPY,2018-02-02,2018-01-30,281.9680000305176,0.09235569495815871,0.09484494706831702,0.09360859569397545
SPY,2018-02-02,2018-01-31,282.05999997258186,0.09235569495815871,0.09484494706831702,0.09360859569397545
SPY,2018-02-02,2018-02-01,281.7759999901056,0.09235569495815871,0.09484494706831702,0.09360859569397545
SPY,2018-02-02,2018-02-02,275.510009765625,0,0,0
SPY,2018-02-09,2018-02-02,275.6810000181198,0.16749770298227543,0.17024859709110693,0.16887875135112262
SPY,2018-02-09,2018-02-05,262.7019999980927,0.16749770298227543,0.17024859709110693,0.16887875135112262
SPY,2018-02-09,2018-02-06,268.8130000114441,0.16749770298227543,0.17024859709110693,0.16887875135112262
SPY,2018-02-09,2018-02-07,267.33500002622606,0.16749770298227543,0.17024859709110693,0.16887875135112262
SPY,2018-02-09,2018-02-08,259.1289999961853,0.16749770298227543,0.17024859709110693,0.16887875135112262
SPY,2018-02-09,2018-02-09,261.739990234375,0,0,0
SPY,2018-02-16,2018-02-09,262.18399991989133,0.24311202518789718,0.24957089849848463,0.24636262923615432
SPY,2018-02-16,2018-02-12,265.21299998760225,0.24311202518789718,0.24957089849848463,0.24636262923615432
SPY,2018-02-16,2018-02-13,266.00999997854234,0.24311202518789718,0.24957089849848463,0.24636262923615432
SPY,2018-02-16,2018-02-14,269.63300000429155,0.24311202518789718,0.24957089849848463,0.24636262923615432
SPY,2018-02-16,2018-02-15,272.9729999959469,0.24311202518789718,0.24957089849848463,0.24636262923615432
SPY,2018-02-16,2018-02-16,273.1600036621094,0,0,0
SPY,2018-02-23,2018-02-16,273.10399997234344,0.1787759375901453,0.18164317554168366,0.1802152589018233
SPY,2018-02-23,2018-02-20,271.2819999814034,0.1787759375901453,0.18164317554168366,0.1802152589018233
SPY,2018-02-23,2018-02-21,269.7369999885559,0.1787759375901453,0.18164317554168366,0.1802152589018233
SPY,2018-02-23,2018-02-22,270.8200000137091,0.1787759375901453,0.18164317554168366,0.1802152589018233
SPY,2018-02-23,2018-02-23,274.6499938964844,0,0,0
SPY,2018-03-02,2018-02-23,274.7499999880791,0.12718042528942178,0.12912507349119595,0.12815643795944268
SPY,2018-03-02,2018-02-26,278.1020000219345,0.12718042528942178,0.12912507349119595,0.12815643795944268
SPY,2018-03-02,2018-02-27,274.8009999752045,0.12718042528942178,0.12912507349119595,0.12815643795944268
SPY,2018-03-02,2018-02-28,271.7039999961853,0.12718042528942178,0.12912507349119595,0.12815643795944268
SPY,2018-03-02,2018-03-01,268.0509999871254,0.12718042528942178,0.12912507349119595,0.12815643795944268
SPY,2018-03-02,2018-03-02,269.1000061035156,0,0,0
SPY,2018-03-09,2018-03-02,269.24099999666214,0.17299394556503364,0.17655775288537426,0.17478493256870098
SPY,2018-03-09,2018-03-05,271.94299998283384,0.17299394556503364,0.17655775288537426,0.17478493256870098
SPY,2018-03-09,2018-03-06,272.67500002384185,0.17299394556503364,0.17655775288537426,0.17478493256870098
SPY,2018-03-09,2018-03-07,272.4780000090599,0.17299394556503364,0.17655775288537426,0.17478493256870098
SPY,2018-03-09,2018-03-08,274.13000001311303,0.17299394556503364,0.17655775288537426,0.17478493256870098
SPY,2018-03-09,2018-03-09,278.760009765625,0,0,0
SPY,2018-03-16,2018-03-09,277.96000000238416,0.13031665640026394,0.13215535561359626,0.13123922613437747
SPY,2018-03-16,2018-03-12,277.93199998140335,0.13031665640026394,0.13215535561359626,0.13123922613437747
SPY,2018-03-16,2018-03-13,276.20500000715253,0.13031665640026394,0.13215535561359626,0.13123922613437747
SPY,2018-03-16,2018-03-14,274.33499999046325,0.13031665640026394,0.13215535561359626,0.13123922613437747
SPY,2018-03-16,2018-03-15,274.54200000464914,0.13031665640026394,0.13215535561359626,0.13123922613437747
SPY,2018-03-16,2018-03-16,274.2200012207031,0,0,0
SPY,2018-03-23,2018-03-16,274.6540000081062,0.12160606221749687,0.12297334560754034,0.12229161479422308
SPY,2018-03-23,2018-03-19,270.6390000224113,0.12160606221749687,0.12297334560754034,0.12229161479422308
SPY,2018-03-23,2018-03-20,271.0779999732971,0.12160606221749687,0.12297334560754034,0.12229161479422308
SPY,2018-03-23,2018-03-21,270.58200001120565,0.12160606221749687,0.12297334560754034,0.12229161479422308
SPY,2018-03-23,2018-03-22,263.7929999947548,0.12160606221749687,0.12297334560754034,0.12229161479422308
SPY,2018-03-23,2018-03-23,258.0150146484375,0,0,0
SPY,2018-03-29,2018-03-23,258.55799996852875,0.2827816080813554,0.28759005964998113,0.28519596795761065
SPY,2018-03-29,2018-03-26,264.8969999551773,0.2827816080813554,0.28759005964998113,0.28519596795761065
SPY,2018-03-29,2018-03-27,261.06800000071524,0.2827816080813554,0.28759005964998113,0.28519596795761065
SPY,2018-03-29,2018-03-28,259.84900001883506,0.2827816080813554,0.28759005964998113,0.28519596795761065
SPY,2018-03-29,2018-03-29,263.42999267578125,0,0,0
SPY,2018-04-06,2018-03-29,263.34800000190734,0.20177384906068313,0.20430171322916005,0.2030417151635758
SPY,2018-04-06,2018-04-02,257.3360000610352,0.20177384906068313,0.20430171322916005,0.2030417151635758
SPY,2018-04-06,2018-04-03,260.55799998044967,0.20177384906068313,0.20430171322916005,0.2030417151635758
SPY,2018-04-06,2018-04-04,263.77599999904635,0.20177384906068313,0.20430171322916005,0.2030417151635758
SPY,2018-04-06,2018-04-05,265.72999997138976,0.20177384906068313,0.20430171322916005,0.2030417151635758
SPY,2018-04-06,2018-04-06,259.70001220703125,0,0,0
SPY,2018-04-13,2018-04-06,260.02199997901914,0.22314052930545186,0.22571472323391448,0.22443131700286373
SPY,2018-04-13,2018-04-09,260.8449999332428,0.22314052930545186,0.22571472323391448,0.22443131700286373
SPY,2018-04-13,2018-04-10,264.98099999427797,0.22314052930545186,0.22571472323391448,0.22443131700286373
SPY,2018-04-13,2018-04-11,263.766000020504,0.22314052930545186,0.22571472323391448,0.22443131700286373
SPY,2018-04-13,2018-04-12,265.8619999885559,0.22314052930545186,0.22571472323391448,0.22443131700286373
SPY,2018-04-13,2018-04-13,265.1099853515625,0,0,0
SPY,2018-04-20,2018-04-13,265.24000002145766,0.15266938241892491,0.15439886901984629,0.15353656092733026
SPY,2018-04-20,2018-04-16,267.5920000255108,0.15266938241892491,0.15439886901984629,0.15353656092733026
SPY,2018-04-20,2018-04-17,270.22499998807905,0.15266938241892491,0.15439886901984629,0.15353656092733026
SPY,2018-04-20,2018-04-18,270.46099997758864,0.15266938241892491,0.15439886901984629,0.15353656092733026
SPY,2018-04-20,2018-04-19,268.7519999921322,0.15266938241892491,0.15439886901984629,0.15353656092733026
SPY,2018-04-20,2018-04-20,266.6600036621094,0,0,0
SPY,2018-04-27,2018-04-20,266.8319999456406,0.1530480829185467,0.15533395473657957,0.15419525475699325
SPY,2018-04-27,2018-04-23,266.97400000095365,0.1530480829185467,0.15533395473657957,0.15419525475699325
SPY,2018-04-27,2018-04-24,263.3599999785423,0.1530480829185467,0.15533395473657957,0.15419525475699325
SPY,2018-04-27,2018-04-25,264.0410000026226,0.1530480829185467,0.15533395473657957,0.15419525475699325
SPY,2018-04-27,2018-04-26,267.0009999990463,0.1530480829185467,0.15533395473657957,0.15419525475699325
SPY,2018-04-27,2018-04-27,266.5799865722656,0,0,0
SPY,2018-05-04,2018-04-27,266.92800002098085,0.13016694801921438,0.13152207110602473,0.13084626388371792
SPY,2018-05-04,2018-04-30,264.441000020504,0.13016694801921438,0.13152207110602473,0.13084626388371792
SPY,2018-05-04,2018-05-01,265.1759999990463,0.13016694801921438,0.13152207110602473,0.13084626388371792
SPY,2018-05-04,2018-05-02,262.87300000190737,0.13016694801921438,0.13152207110602473,0.13084626388371792
SPY,2018-05-04,2018-05-03,262.8939999938011,0.13016694801921438,0.13152207110602473,0.13084626388371792
SPY,2018-05-04,2018-05-04,265.9200134277344,0,0,0
SPY,2018-05-11,2018-05-04,266.0629999756813,0.12727862712703866,0.12894725037841595,0.12811565537337277
SPY,2018-05-11,2018-05-07,266.98900001049043,0.12727862712703866,0.12894725037841595,0.12811565537337277
SPY,2018-05-11,2018-05-08,266.84900001883506,0.12727862712703866,0.12894725037841595,0.12811565537337277
SPY,2018-05-11,2018-05-09,269.60000000596045,0.12727862712703866,0.12894725037841595,0.12811565537337277
SPY,2018-05-11,2018-05-10,271.8810000032187,0.12727862712703866,0.12894725037841595,0.12811565537337277
SPY,2018-05-11,2018-05-11,272.6400146484375,0,0,0
SPY,2018-05-18,2018-05-11,272.75700001716615,0.10048783628775432,0.10170209737546601,0.10109678989058773
SPY,2018-05-18,2018-05-14,272.83899998664856,0.10048783628775432,0.10170209737546601,0.10109678989058773
SPY,2018-05-18,2018-05-15,271.12399998903277,0.10048783628775432,0.10170209737546601,0.10109678989058773
SPY,2018-05-18,2018-05-16,272.2930000066757,0.10048783628775432,0.10170209737546601,0.10109678989058773
SPY,2018-05-18,2018-05-17,271.96599999964235,0.10048783628775432,0.10170209737546601,0.10109678989058773
SPY,2018-05-18,2018-05-18,271.3399963378906,0,0,0
SPY,2018-05-25,2018-05-18,271.4629999756813,0.10362200480159979,0.10504065561626087,0.10433374145356018
SPY,2018-05-25,2018-05-21,273.39900000691415,0.10362200480159979,0.10504065561626087,0.10433374145356018
SPY,2018-05-25,2018-05-22,272.66900000572207,0.10362200480159979,0.10504065561626087,0.10433374145356018
SPY,2018-05-25,2018-05-23,273.3189999967814,0.10362200480159979,0.10504065561626087,0.10433374145356018
SPY,2018-05-25,2018-05-24,272.8570000112057,0.10362200480159979,0.10504065561626087,0.10433374145356018
SPY,2018-05-25,2018-05-25,272.2099914550781,0,0,0
SPY,2018-06-01,2018-05-25,272.1530000090599,0.10923284488364206,0.1114216874796766,0.11033269425286533
SPY,2018-06-01,2018-05-29,269.3189999580383,0.10923284488364206,0.1114216874796766,0.11033269425286533
SPY,2018-06-01,2018-05-30,272.56999999284744,0.10923284488364206,0.1114216874796766,0.11033269425286533
SPY,2018-06-01,2018-05-31,270.9339999884367,0.10923284488364206,0.1114216874796766,0.11033269425286533
SPY,2018-06-01,2018-06-01,273.6099853515625,0,0,0
SPY,2018-06-08,2018-06-01,273.63900000453,0.09710597503399268,0.0993253252734139,0.098221918704462
SPY,2018-06-08,2018-06-04,274.9350000023842,0.09710597503399268,0.0993253252734139,0.098221918704462
SPY,2018-06-08,2018-06-05,275.38599999547006,0.09710597503399268,0.0993253252734139,0.098221918704462
SPY,2018-06-08,2018-06-06,277.5149999976158,0.09710597503399268,0.0993253252734139,0.098221918704462
SPY,2018-06-08,2018-06-07,277.7580000087619,0.09710597503399268,0.0993253252734139,0.098221918704462
SPY,2018-06-08,2018-06-08,278.2200012207031,0,0,0
SPY,2018-06-15,2018-06-08,277.62699999809263,0.11378044418143278,0.11548112687479513,0.11463393943853772
SPY,2018-06-15,2018-06-11,277.8430000245571,0.11378044418143278,0.11548112687479513,0.11463393943853772
SPY,2018-06-15,2018-06-12,278.16300001144407,0.11378044418143278,0.11548112687479513,0.11463393943853772
SPY,2018-06-15,2018-06-13,277.3820000231266,0.11378044418143278,0.11548112687479513,0.11463393943853772
SPY,2018-06-15,2018-06-14,278.00000000447034,0.11378044418143278,0.11548112687479513,0.11463393943853772
SPY,2018-06-15,2018-06-15,277.0299987792969,0,0,0
SPY,2018-06-22,2018-06-15,277.2510000050068,0.08970416763927413,0.09142242821504258,0.0905673729126268
SPY,2018-06-22,2018-06-18,276.7539999961853,0.08970416763927413,0.09142242821504258,0.0905673729126268
SPY,2018-06-22,2018-06-19,275.3469999849796,0.08970416763927413,0.09142242821504258,0.0905673729126268
SPY,2018-06-22,2018-06-20,276.0720000177622,0.08970416763927413,0.09142242821504258,0.0905673729126268
SPY,2018-06-22,2018-06-21,274.1840000063181,0.08970416763927413,0.09142242821504258,0.0905673729126268
SPY,2018-06-22,2018-06-22,274.760009765625,0,0,0
SPY,2018-06-29,2018-06-22,275.16499997377394,0.11002946112281728,0.11186666863093839,0.11095186763989538
SPY,2018-06-29,2018-06-25,275,0.11002946112281728,0.11186666863093839,0.11095186763989538
SPY,2018-06-29,2018-06-26,275,0.11002946112281728,0.11186666863093839,0.11095186763989538
SPY,2018-06-29,2018-06-27,275,0.11002946112281728,0.11186666863093839,0.11095186763989538
SPY,2018-06-29,2018-06-28,270.93699998259547,0.11002946112281728,0.11186666863093839,0.11095186763989538
SPY,2018-06-29,2018-06-29,271.3399963378906,0,0,0
SPY,2018-07-06,2018-06-29,271.75499999523163,0.13885604545598046,0.14112870242579542,0.1399969856962321
SPY,2018-07-06,2018-07-02,272.02799998521806,0.13885604545598046,0.14112870242579542,0.1399969856962321
SPY,2018-07-06,2018-07-03,270.58200001120565,0.13885604545598046,0.14112870242579542,0.1399969856962321
SPY,2018-07-06,2018-07-05,273.0260000258684,0.13885604545598046,0.14112870242579542,0.1399969856962321
SPY,2018-07-06,2018-07-06,275.3599853515625,0,0,0
SPY,2018-07-13,2018-07-06,275.50599997639654,0.10187730824082913,0.10371330927602204,0.10279940772052315
SPY,2018-07-13,2018-07-09,277.9839999914169,0.10187730824082913,0.10371330927602204,0.10279940772052315
SPY,2018-07-13,2018-07-10,278.98599999248984,0.10187730824082913,0.10371330927602204,0.10279940772052315
SPY,2018-07-13,2018-07-11,276.93399999439714,0.10187730824082913,0.10371330927602204,0.10279940772052315
SPY,2018-07-13,2018-07-12,279.1669999867678,0.10187730824082913,0.10371330927602204,0.10279940772052315
SPY,2018-07-13,2018-07-13,279.55999755859375,0,0,0
SPY,2018-07-20,2018-07-13,279.6880000054836,0.08634733250217433,0.08783833494567878,0.08709602435321116
SPY,2018-07-20,2018-07-16,279.4229999780655,0.08634733250217433,0.08783833494567878,0.08709602435321116
SPY,2018-07-20,2018-07-17,280.51200002133845,0.08634733250217433,0.08783833494567878,0.08709602435321116
SPY,2018-07-20,2018-07-18,281.0729999989271,0.08634733250217433,0.08783833494567878,0.08709602435321116
SPY,2018-07-20,2018-07-19,279.9340000063181,0.08634733250217433,0.08783833494567878,0.08709602435321116
SPY,2018-07-20,2018-07-20,279.7200012207031,0,0,0
SPY,2018-07-27,2018-07-20,279.81600002646445,0.09153314831563253,0.09333553291515834,0.09243873361618545
SPY,2018-07-27,2018-07-23,280.45299998521807,0.09153314831563253,0.09333553291515834,0.09243873361618545
SPY,2018-07-27,2018-07-24,281.544999986887,0.09153314831563253,0.09333553291515834,0.09243873361618545
SPY,2018-07-27,2018-07-25,283.96300000548365,0.09153314831563253,0.09333553291515834,0.09243873361618545
SPY,2018-07-27,2018-07-26,283.19799999296663,0.09153314831563253,0.09333553291515834,0.09243873361618545
SPY,2018-07-27,2018-07-27,281.4599914550781,0,0,0
